Workbook

Sheet Orden de compra
A1: Orden de compra
A2: Completá los datos y los productos. Subtotal y total se calculan solos. Mandásela al proveedor y usá la hoja "Recepción" cuando llegue el pedido.
A4: Restaurante
A5: Proveedor
A6: Fecha del pedido
A7: Entrega solicitada
A8: Contacto / teléfono
A10: Producto | B10: Presentación | C10: Cantidad | D10: Precio unitario | E10: Subtotal | F10: Notas
A11: Aceite de girasol | B11: Bidón 5 l | C11: 2 | D11: 12500 | E11: =IF(OR(C11="",D11=""),"",C11*D11)
A12: Harina 000 | B12: Bolsa 25 kg | C12: 1 | D12: 18900 | E12: =IF(OR(C12="",D12=""),"",C12*D12)
A13: Tomate perita | B13: Cajón 18 kg | C13: 3 | D13: 15000 | E13: =IF(OR(C13="",D13=""),"",C13*D13)
E14: =IF(OR(C14="",D14=""),"",C14*D14)
E15: =IF(OR(C15="",D15=""),"",C15*D15)
E16: =IF(OR(C16="",D16=""),"",C16*D16)
E17: =IF(OR(C17="",D17=""),"",C17*D17)
E18: =IF(OR(C18="",D18=""),"",C18*D18)
E19: =IF(OR(C19="",D19=""),"",C19*D19)
E20: =IF(OR(C20="",D20=""),"",C20*D20)
E21: =IF(OR(C21="",D21=""),"",C21*D21)
E22: =IF(OR(C22="",D22=""),"",C22*D22)
E23: =IF(OR(C23="",D23=""),"",C23*D23)
E24: =IF(OR(C24="",D24=""),"",C24*D24)
E25: =IF(OR(C25="",D25=""),"",C25*D25)
... E40: =IF(OR(C40="",D40=""),"",C40*D40)
D41: TOTAL | E41: =SUM(E11:E40)
A43: Plantilla gratuita de ForkCast. ¿Querés que esto se haga solo? Pedile a todos tus proveedores desde un lugar y compará precios → www.forkcast.tech

Sheet Recepción
A1: Control de recepción
A2: Cuando llegue el pedido, anotá lo que recibiste. La diferencia y el estado se calculan solos. Usalo para reclamar faltantes antes de pagar.
A4: Producto | B4: Pedido | C4: Recibido | D4: Diferencia | E4: Estado | F4: Observaciones (vencido, dañado, cambiado…)
A5: =IF('Orden de compra'!A11="","",'Orden de compra'!A11) | B5: =IF('Orden de compra'!C11="","",'Orden de compra'!C11) | D5: =IF(OR(B5="",C5=""),"",C5-B5) | E5: =IF(D5="","",IF(D5<0,"Faltante",IF(D5>0,"De más","OK")))
A6: =IF('Orden de compra'!A12="","",'Orden de compra'!A12) | B6: =IF('Orden de compra'!C12="","",'Orden de compra'!C12) | D6: =IF(OR(B6="",C6=""),"",C6-B6) | E6: =IF(D6="","",IF(D6<0,"Faltante",IF(D6>0,"De más","OK")))
A7: =IF('Orden de compra'!A13="","",'Orden de compra'!A13) | B7: =IF('Orden de compra'!C13="","",'Orden de compra'!C13) | D7: =IF(OR(B7="",C7=""),"",C7-B7) | E7: =IF(D7="","",IF(D7<0,"Faltante",IF(D7>0,"De más","OK")))
A8: =IF('Orden de compra'!A14="","",'Orden de compra'!A14) | B8: =IF('Orden de compra'!C14="","",'Orden de compra'!C14) | D8: =IF(OR(B8="",C8=""),"",C8-B8) | E8: =IF(D8="","",IF(D8<0,"Faltante",IF(D8>0,"De más","OK")))
A9: =IF('Orden de compra'!A15="","",'Orden de compra'!A15) | B9: =IF('Orden de compra'!C15="","",'Orden de compra'!C15) | D9: =IF(OR(B9="",C9=""),"",C9-B9) | E9: =IF(D9="","",IF(D9<0,"Faltante",IF(D9>0,"De más","OK")))
A10: =IF('Orden de compra'!A16="","",'Orden de compra'!A16) | B10: =IF('Orden de compra'!C16="","",'Orden de compra'!C16) | D10: =IF(OR(B10="",C10=""),"",C10-B10) | E10: =IF(D10="","",IF(D10<0,"Faltante",IF(D10>0,"De más","OK")))
A11: =IF('Orden de compra'!A17="","",'Orden de compra'!A17) | B11: =IF('Orden de compra'!C17="","",'Orden de compra'!C17) | D11: =IF(OR(B11="",C11=""),"",C11-B11) | E11: =IF(D11="","",IF(D11<0,"Faltante",IF(D11>0,"De más","OK")))
A12: =IF('Orden de compra'!A18="","",'Orden de compra'!A18) | B12: =IF('Orden de compra'!C18="","",'Orden de compra'!C18) | D12: =IF(OR(B12="",C12=""),"",C12-B12) | E12: =IF(D12="","",IF(D12<0,"Faltante",IF(D12>0,"De más","OK")))
A13: =IF('Orden de compra'!A19="","",'Orden de compra'!A19) | B13: =IF('Orden de compra'!C19="","",'Orden de compra'!C19) | D13: =IF(OR(B13="",C13=""),"",C13-B13) | E13: =IF(D13="","",IF(D13<0,"Faltante",IF(D13>0,"De más","OK")))
A14: =IF('Orden de compra'!A20="","",'Orden de compra'!A20) | B14: =IF('Orden de compra'!C20="","",'Orden de compra'!C20) | D14: =IF(OR(B14="",C14=""),"",C14-B14) | E14: =IF(D14="","",IF(D14<0,"Faltante",IF(D14>0,"De más","OK")))
A15: =IF('Orden de compra'!A21="","",'Orden de compra'!A21) | B15: =IF('Orden de compra'!C21="","",'Orden de compra'!C21) | D15: =IF(OR(B15="",C15=""),"",C15-B15) | E15: =IF(D15="","",IF(D15<0,"Faltante",IF(D15>0,"De más","OK")))
A16: =IF('Orden de compra'!A22="","",'Orden de compra'!A22) | B16: =IF('Orden de compra'!C22="","",'Orden de compra'!C22) | D16: =IF(OR(B16="",C16=""),"",C16-B16) | E16: =IF(D16="","",IF(D16<0,"Faltante",IF(D16>0,"De más","OK")))
... A34: =IF('Orden de compra'!A40="","",'Orden de compra'!A40) | B34: =IF('Orden de compra'!C40="","",'Orden de compra'!C40) | D34: =IF(OR(B34="",C34=""),"",C34-B34) | E34: =IF(D34="","",IF(D34<0,"Faltante",IF(D34>0,"De más","OK")))
A36: Plantilla gratuita de ForkCast. ¿Querés que esto se haga solo? Pedile a todos tus proveedores desde un lugar y compará precios → www.forkcast.tech
